{"episode_rewards": [8.0, 22.0, 17.0, 49.0, 12.0, 13.0, 11.0, 19.0, 12.0, 16.0, 48.0, 32.0, 53.0, 20.0, 24.0, 27.0, 16.0, 24.0, 21.0, 22.0, 20.0, 24.0, 33.0, 35.0, 11.0, 24.0, 18.0, 94.0, 32.0, 14.0, 23.0, 28.0, 22.0, 25.0, 26.0, 24.0, 27.0, 18.0, 32.0, 24.0, 41.0, 10.0, 27.0, 68.0, 70.0, 20.0, 35.0, 53.0, 15.0, 13.0, 50.0, 19.0, 16.0, 28.0, 14.0, 17.0, 34.0, 10.0, 63.0, 49.0, 45.0, 44.0, 37.0, 18.0, 64.0, 21.0, 20.0, 29.0, 30.0, 20.0, 17.0, 68.0, 23.0, 36.0, 88.0, 66.0, 43.0, 57.0, 12.0, 72.0, 14.0, 19.0, 38.0, 32.0, 60.0, 35.0, 43.0, 34.0, 20.0, 40.0, 73.0, 23.0, 58.0, 26.0, 40.0, 17.0, 71.0, 85.0, 67.0, 154.0, 72.0, 73.0, 27.0, 38.0, 32.0, 86.0, 97.0, 80.0, 89.0, 27.0, 64.0, 18.0, 84.0, 35.0, 31.0, 10.0, 37.0, 205.0, 104.0, 53.0, 69.0, 106.0, 50.0, 47.0, 79.0, 36.0, 50.0, 30.0, 194.0, 100.0, 99.0, 85.0, 73.0, 70.0, 75.0, 27.0, 59.0, 29.0, 51.0, 27.0, 33.0, 210.0, 68.0, 105.0, 117.0, 37.0, 23.0, 131.0, 186.0, 20.0, 44.0, 276.0, 131.0, 194.0, 124.0, 68.0, 46.0, 56.0, 91.0, 45.0, 52.0, 130.0, 129.0, 107.0, 123.0, 60.0, 413.0, 139.0, 64.0, 40.0, 66.0, 22.0, 34.0, 127.0, 133.0, 115.0, 18.0, 111.0, 11.0, 81.0, 110.0, 157.0, 32.0, 11.0, 20.0, 116.0, 13.0, 102.0, 116.0, 126.0, 106.0, 134.0, 43.0, 72.0, 124.0, 139.0, 21.0, 25.0, 116.0, 14.0, 120.0, 116.0, 23.0, 13.0, 15.0, 118.0, 116.0, 118.0, 23.0, 22.0, 21.0, 130.0, 18.0, 140.0, 58.0, 114.0, 129.0, 11.0, 140.0, 48.0, 130.0, 27.0, 30.0, 151.0, 93.0, 143.0, 122.0, 185.0, 216.0, 112.0, 16.0, 19.0, 133.0, 117.0, 233.0, 145.0, 19.0, 23.0, 80.0, 22.0, 17.0, 198.0, 90.0, 32.0, 126.0, 152.0, 21.0, 175.0, 101.0, 30.0, 112.0, 17.0, 125.0, 44.0, 61.0, 24.0, 121.0, 25.0, 119.0, 60.0, 21.0, 124.0, 107.0, 122.0, 128.0, 109.0, 113.0, 114.0, 21.0, 112.0, 121.0, 119.0, 113.0, 15.0, 118.0, 113.0, 61.0, 121.0, 116.0, 116.0, 127.0, 126.0, 132.0, 118.0, 119.0, 14.0, 115.0, 123.0, 29.0, 128.0, 137.0, 125.0, 126.0, 117.0, 115.0, 128.0, 123.0, 126.0, 118.0, 14.0], "avg_rewards": [8.0, 15.0, 15.666666666666666, 24.0, 21.6, 20.166666666666668, 18.857142857142858, 18.875, 18.11111111111111, 17.9, 21.9, 22.9, 26.5, 23.6, 24.8, 26.2, 26.7, 27.2, 28.1, 28.7, 25.9, 25.1, 23.1, 24.6, 23.3, 23.0, 23.2, 30.2, 31.3, 30.5, 30.8, 31.2, 30.1, 29.1, 30.6, 30.6, 31.5, 23.9, 23.9, 24.9, 26.7, 24.9, 25.4, 29.7, 34.1, 33.7, 34.5, 38.0, 36.3, 35.2, 36.1, 37.0, 35.9, 31.9, 26.3, 26.0, 25.9, 21.6, 26.4, 30.0, 29.5, 32.0, 34.1, 33.1, 38.1, 38.5, 37.1, 39.0, 35.7, 32.8, 30.0, 32.4, 31.0, 32.8, 35.2, 39.7, 42.0, 44.8, 43.0, 48.2, 47.9, 43.0, 44.5, 44.1, 41.3, 38.2, 38.2, 35.9, 36.7, 33.5, 39.4, 39.8, 41.8, 41.2, 39.2, 37.4, 40.2, 45.3, 50.0, 61.4, 61.3, 66.3, 63.2, 64.4, 63.6, 70.5, 73.1, 72.6, 74.8, 62.1, 61.3, 55.8, 61.5, 61.2, 61.1, 53.5, 47.5, 60.0, 61.5, 64.1, 64.6, 73.4, 70.0, 71.2, 76.0, 78.6, 79.9, 62.4, 71.4, 76.1, 79.1, 77.0, 79.3, 81.6, 81.2, 80.3, 81.2, 81.1, 66.8, 59.5, 52.9, 65.4, 64.9, 68.4, 72.6, 73.6, 70.0, 80.2, 93.7, 93.0, 94.1, 100.7, 107.0, 115.9, 116.6, 119.7, 122.0, 114.5, 105.0, 107.5, 108.3, 93.7, 93.5, 84.8, 84.7, 83.9, 120.6, 128.9, 126.2, 125.7, 127.1, 116.3, 106.8, 108.8, 109.8, 115.3, 75.8, 73.0, 67.7, 71.8, 76.2, 89.7, 89.5, 77.9, 66.6, 66.7, 66.2, 65.3, 75.8, 80.3, 79.9, 77.6, 78.7, 84.8, 95.2, 97.5, 98.3, 90.6, 90.6, 79.4, 80.8, 79.0, 77.0, 71.1, 60.2, 58.1, 67.6, 76.9, 67.6, 68.4, 58.5, 59.9, 59.4, 72.1, 76.4, 76.0, 77.3, 66.6, 78.3, 80.9, 91.8, 81.5, 82.7, 83.8, 87.3, 90.2, 89.5, 106.9, 114.5, 120.9, 109.5, 108.7, 119.0, 115.6, 129.6, 129.8, 119.5, 103.3, 89.7, 80.7, 80.8, 98.7, 94.4, 85.9, 75.2, 75.9, 76.1, 91.3, 93.4, 94.2, 103.7, 85.6, 89.1, 90.3, 83.8, 71.0, 81.0, 66.0, 67.8, 70.8, 61.7, 72.4, 70.6, 78.4, 85.1, 93.6, 92.8, 101.7, 91.9, 97.1, 107.1, 106.6, 107.2, 96.5, 95.5, 95.9, 90.7, 91.4, 100.9, 101.3, 101.9, 102.6, 104.5, 114.8, 114.9, 105.0, 110.4, 110.6, 101.9, 103.1, 104.1, 104.0, 103.4, 103.3, 102.9, 114.3, 115.1, 115.4, 124.3, 112.9], "episodes_trained": 300}