{"episode_rewards": [30.0, 14.0, 14.0, 9.0, 12.0, 14.0, 17.0, 23.0, 18.0, 21.0, 19.0, 17.0, 12.0, 47.0, 69.0, 32.0, 15.0, 34.0, 27.0, 14.0, 16.0, 37.0, 20.0, 22.0, 13.0, 32.0, 19.0, 24.0, 21.0, 31.0, 11.0, 17.0, 19.0, 52.0, 17.0, 12.0, 12.0, 35.0, 28.0, 11.0, 13.0, 22.0, 22.0, 20.0, 51.0, 19.0, 20.0, 11.0, 29.0, 25.0, 11.0, 37.0, 22.0, 28.0, 14.0, 29.0, 56.0, 13.0, 38.0, 49.0, 20.0, 23.0, 52.0, 14.0, 42.0, 52.0, 20.0, 19.0, 38.0, 30.0, 21.0, 15.0, 24.0, 58.0, 31.0, 26.0, 14.0, 48.0, 26.0, 37.0, 69.0, 27.0, 13.0, 15.0, 39.0, 70.0, 18.0, 12.0, 24.0, 40.0, 50.0, 111.0, 74.0, 17.0, 98.0, 24.0, 70.0, 15.0, 32.0, 32.0, 50.0, 37.0, 122.0, 71.0, 44.0, 17.0, 46.0, 21.0, 49.0, 52.0, 58.0, 13.0, 41.0, 90.0, 14.0, 78.0, 88.0, 62.0, 41.0, 51.0, 31.0, 75.0, 33.0, 63.0, 23.0, 30.0, 29.0, 60.0, 32.0, 43.0, 78.0, 29.0, 13.0, 38.0, 21.0, 39.0, 58.0, 69.0, 23.0, 28.0, 119.0, 16.0, 84.0, 34.0, 27.0, 44.0, 44.0, 30.0, 52.0, 43.0, 25.0, 126.0, 19.0, 41.0, 64.0, 22.0, 55.0, 19.0, 69.0, 77.0, 35.0, 25.0, 53.0, 33.0, 17.0, 64.0, 73.0, 50.0, 134.0, 59.0, 28.0, 82.0, 50.0, 30.0, 48.0, 31.0, 57.0, 91.0, 37.0, 39.0, 59.0, 157.0, 218.0, 148.0, 46.0, 42.0, 112.0, 111.0, 195.0, 71.0, 134.0, 85.0, 87.0, 61.0, 46.0, 150.0, 218.0, 245.0, 68.0, 150.0, 151.0, 101.0, 130.0, 84.0, 67.0, 51.0, 63.0, 58.0, 83.0, 113.0, 90.0, 103.0, 72.0, 98.0, 216.0, 286.0, 264.0, 147.0, 249.0, 159.0, 113.0, 284.0], "avg_rewards": [30.0, 22.0, 19.333333333333332, 16.75, 15.8, 15.5, 15.714285714285714, 16.625, 16.77777777777778, 17.2, 16.1, 16.4, 16.2, 20.0, 25.7, 27.5, 27.3, 28.4, 29.3, 28.6, 28.3, 30.3, 31.1, 28.6, 23.0, 23.0, 23.4, 22.4, 21.8, 23.5, 23.0, 21.0, 20.9, 23.9, 24.3, 22.3, 21.6, 22.7, 23.4, 21.4, 21.6, 22.1, 22.4, 19.2, 22.6, 23.3, 24.1, 21.7, 21.8, 23.2, 23.0, 24.5, 24.5, 25.3, 21.6, 22.6, 26.2, 26.4, 27.3, 29.7, 30.6, 29.2, 32.2, 30.8, 33.6, 35.9, 32.3, 32.9, 32.9, 31.0, 31.1, 30.3, 27.5, 31.9, 30.8, 28.2, 27.6, 30.5, 29.3, 30.0, 34.8, 36.0, 34.9, 30.6, 31.4, 35.8, 36.2, 32.6, 32.4, 32.7, 30.8, 39.2, 45.3, 45.5, 51.4, 46.8, 52.0, 52.3, 53.1, 52.3, 52.3, 44.9, 49.7, 55.1, 49.7, 49.0, 46.6, 47.2, 48.9, 50.9, 51.7, 49.3, 41.2, 43.1, 40.1, 46.2, 50.4, 54.5, 53.7, 53.6, 50.9, 57.1, 56.3, 53.6, 54.5, 49.7, 43.8, 43.6, 42.7, 41.9, 46.6, 42.0, 40.0, 37.5, 37.3, 38.2, 41.1, 42.0, 41.1, 39.6, 43.7, 42.4, 49.5, 49.1, 49.7, 50.2, 48.8, 44.9, 47.8, 49.3, 39.9, 50.9, 44.4, 45.1, 48.8, 46.6, 47.7, 46.6, 48.3, 51.7, 52.7, 42.6, 46.0, 45.2, 40.5, 44.7, 46.5, 49.6, 56.1, 54.3, 53.6, 59.3, 59.0, 58.7, 61.8, 58.5, 56.9, 61.0, 51.3, 49.3, 52.4, 59.9, 76.7, 88.5, 88.3, 89.4, 94.9, 96.9, 112.7, 115.9, 123.4, 116.2, 103.1, 94.4, 94.4, 105.2, 115.8, 129.2, 116.5, 124.4, 126.1, 127.7, 132.0, 134.3, 136.4, 126.5, 111.0, 92.3, 93.8, 90.1, 84.0, 84.2, 78.4, 79.8, 94.7, 118.2, 138.3, 147.2, 163.8, 168.4, 170.7, 188.8], "episodes_trained": 222}