{"episode_rewards": [15.0, 15.0, 33.0, 15.0, 16.0, 53.0, 11.0, 11.0, 19.0, 31.0, 51.0, 11.0, 19.0, 13.0, 14.0, 29.0, 32.0, 18.0, 18.0, 47.0, 29.0, 22.0, 14.0, 11.0, 39.0, 54.0, 14.0, 17.0, 29.0, 36.0, 11.0, 23.0, 19.0, 25.0, 12.0, 35.0, 28.0, 18.0, 17.0, 34.0, 19.0, 23.0, 24.0, 37.0, 23.0, 16.0, 40.0, 16.0, 11.0, 34.0, 29.0, 53.0, 14.0, 24.0, 18.0, 30.0, 77.0, 22.0, 12.0, 55.0, 37.0, 10.0, 12.0, 21.0, 32.0, 24.0, 15.0, 20.0, 93.0, 50.0, 19.0, 39.0, 30.0, 56.0, 44.0, 34.0, 36.0, 36.0, 54.0, 37.0, 35.0, 13.0, 21.0, 37.0, 31.0, 71.0, 33.0, 21.0, 39.0, 59.0, 40.0, 16.0, 96.0, 34.0, 77.0, 36.0, 33.0, 29.0, 34.0, 54.0, 71.0, 39.0, 49.0, 22.0, 74.0, 28.0, 74.0, 127.0, 101.0, 61.0, 27.0, 35.0, 37.0, 29.0, 29.0, 24.0, 100.0, 31.0, 16.0, 28.0, 63.0, 20.0, 27.0, 47.0, 23.0, 36.0, 44.0, 18.0, 66.0, 53.0, 45.0, 37.0, 85.0, 30.0, 87.0, 39.0, 13.0, 135.0, 27.0, 59.0, 46.0, 44.0, 92.0, 39.0, 47.0, 54.0, 53.0, 35.0, 32.0, 115.0, 38.0, 58.0, 60.0, 86.0, 30.0, 74.0, 48.0, 66.0, 49.0, 108.0, 100.0, 74.0, 121.0, 76.0, 63.0, 73.0, 63.0, 27.0, 91.0, 115.0, 67.0, 125.0, 44.0, 115.0, 144.0, 86.0, 193.0, 82.0, 85.0, 118.0, 68.0, 65.0, 95.0, 127.0, 112.0, 86.0, 99.0, 47.0, 65.0, 22.0, 177.0, 173.0, 129.0, 65.0, 170.0, 320.0, 274.0, 97.0, 73.0, 80.0, 107.0, 120.0, 75.0, 172.0, 113.0, 286.0, 97.0, 28.0, 449.0, 143.0, 98.0, 182.0, 117.0, 105.0, 170.0, 122.0, 68.0, 116.0, 124.0, 188.0, 309.0, 243.0, 443.0], "avg_rewards": [15.0, 15.0, 21.0, 19.5, 18.8, 24.5, 22.571428571428573, 21.125, 20.88888888888889, 21.9, 25.5, 25.1, 23.7, 23.5, 23.3, 20.9, 23.0, 23.7, 23.6, 25.2, 23.0, 24.1, 23.6, 23.4, 25.9, 28.4, 26.6, 26.5, 27.6, 26.5, 24.7, 24.8, 25.3, 26.7, 24.0, 22.1, 23.5, 23.6, 22.4, 22.2, 23.0, 23.0, 23.5, 24.7, 25.8, 23.9, 25.1, 24.9, 24.3, 24.3, 25.3, 28.3, 27.3, 26.0, 25.5, 26.9, 30.6, 31.2, 31.3, 33.4, 34.2, 29.9, 29.7, 29.4, 30.8, 30.2, 24.0, 23.8, 31.9, 31.4, 29.6, 32.5, 34.3, 37.8, 39.0, 40.0, 42.1, 43.7, 39.8, 38.5, 40.1, 37.5, 36.6, 34.7, 33.4, 37.1, 36.8, 35.3, 33.8, 36.0, 36.5, 36.8, 44.3, 44.0, 48.6, 45.1, 45.1, 45.9, 45.4, 44.9, 48.0, 50.3, 45.6, 44.4, 44.1, 43.3, 47.4, 57.2, 63.9, 64.6, 60.2, 59.8, 58.6, 59.3, 54.8, 54.4, 57.0, 47.4, 38.9, 35.6, 39.2, 37.7, 36.7, 38.5, 37.9, 39.1, 33.5, 32.2, 37.2, 39.7, 37.9, 39.6, 45.4, 43.7, 50.1, 50.4, 47.3, 59.0, 55.1, 55.7, 55.8, 56.5, 57.2, 58.1, 54.1, 55.6, 59.6, 49.6, 50.1, 55.7, 54.9, 56.3, 53.1, 57.8, 56.1, 58.1, 57.6, 60.7, 62.4, 61.7, 67.9, 69.5, 75.6, 74.6, 77.9, 77.8, 79.3, 75.4, 79.6, 80.3, 77.0, 82.1, 74.4, 78.3, 86.4, 87.7, 100.7, 106.2, 105.6, 105.9, 106.0, 100.0, 105.1, 106.3, 103.1, 103.1, 93.7, 90.2, 88.2, 78.6, 89.5, 100.3, 103.7, 97.5, 103.3, 126.7, 144.2, 149.2, 150.0, 155.8, 148.8, 143.5, 138.1, 148.8, 143.1, 139.7, 122.0, 115.1, 152.7, 159.0, 158.1, 164.3, 168.5, 161.8, 167.5, 151.1, 148.2, 157.0, 124.5, 129.0, 150.1, 156.2, 188.8], "episodes_trained": 223}